Modelo,AUC-ROC,F1-Score,Accuracy,Precision,Recall
random_forest,0.5479211424238595,0.5401459854014599,0.5251256281407035,0.5388349514563107,0.5414634146341464
xgboost,0.537773284468596,0.5528846153846154,0.5326633165829145,0.5450236966824644,0.5609756097560976
knn,0.49045873878427904,0.3588039867109635,0.5150753768844221,0.5625,0.2634146341463415
